{
  "metadata": {
    "type": "class_arguments",
    "class_name": "Matrix",
    "description": "Concrete d = 3900 + 2*1000 = 5900, h = 6500 + 2*1000 = 8500"
  },
  "arguments": {
    "factory": "occ",
    "inputs": ["input/container_pasha_polar_2600_cyl_no_center_full_bent.json"],
    "inputs_transforms": [[[0.5, 0.5, 0.11764705882352941176470588235294]]],
    "types": ["complex_in_primitive"],
    "transform_data": null,
    "curve_types": [[1, 1, 1, 1, 1, 1, 1, 1, 0, 0, 0, 0]],
    "curve_data": [
      [[[0.5, 0.5, 0]], [[0.5, 0.5, 1.0]], [[0.5, 0.5, 1.0]], [[0.5, 0.5, 0]],
        [[0.5, 0.5, 0]], [[0.5, 0.5, 0]], [[0.5, 0.5, 1.0]], [[0.5, 0.5, 1.0]],
        [], [], [], []]
    ],
    "curve_data_coord_sys": ["local"],
    "surfaces_names": [["External", "External", "External", "External",
      "Bottom", "Top"]],
    "coordinates_type": "direct",
    "volumes_names": ["Concrete"],
    "xs": [-2.0859650045003151969824908682093, 2.0859650045003151969824908682093],
    "ys": [-2.0859650045003151969824908682093, 2.0859650045003151969824908682093],
    "zs": [0.000, 8.500],
    "lcs": 0.5,
    "txs": [10, 0, 1],
    "tys": [10, 0, 1],
    "tzs": [10, 0, 1]
  }
}