{
  "metadata": {
    "type": "class_arguments",
    "class_name": "Matrix",
    "description": "Bug GEO with lcs < 0.95. Bug GEO with curve_types"
  },
  "arguments": {
    "factory": "occ",
    "types": ["primitive", "empty"],
    "transform_data": null,
    "curve_types": [
      [0, 0, 0, 0, 0, 0, 0, 0, 0, 0, 0, 0],
      [1, 1, 1, 1, 1, 1, 1, 1, 0, 0, 0, 0],
      [0, 0, 0, 0, 0, 1, 1, 0, 0, 0, 0, 0],
      [0, 0, 1, 1, 0, 0, 0, 0, 0, 0, 0, 0],
      [0, 0, 0, 0, 1, 0, 0, 1, 0, 0, 0, 0],
      [1, 1, 0, 0, 0, 0, 0, 0, 0, 0, 0, 0]
    ],
    "curve_data": [
      null,
      [[[0.5, 0.5, 0]], [[0.5, 0.5, 1.0]], [[0.5, 0.5, 1.0]], [[0.5, 0.5, 0]],
        [[0.5, 0.5, 0]], [[0.5, 0.5, 0]], [[0.5, 0.5, 1.0]], [[0.5, 0.5, 1.0]],
        [], [], [], []],
      [[], [], [], [],
        [], [[-0.6685962388, 0.5, 0]], [[-0.6685962388, 0.5, 1.0]], [],
        [], [], [], []],
      [[[0.5, 0.5, 0]], [[0.5, 0.5, 1.0]], [[0.5, 0.5, 1.0]], [[0.5, 0.5, 0]],
        [[0.5, 0.5, 0]], [[0.5, 0.5, 0]], [[0.5, 0.5, 1.0]], [[0.5, 0.5, 1.0]],
        [], [], [], []],
      [[[0.5, 0.5, 0]], [[0.5, 0.5, 1.0]], [[0.5, 0.5, 1.0]], [[0.5, 0.5, 0]],
        [[0.5, 0.5, 0]], [[0.5, 0.5, 0]], [[0.5, 0.5, 1.0]], [[0.5, 0.5, 1.0]],
        [], [], [], []],
      [[[0.5, 0.5, 0]], [[0.5, 0.5, 1.0]], [[0.5, 0.5, 1.0]], [[0.5, 0.5, 0]],
        [[0.5, 0.5, 0]], [[0.5, 0.5, 0]], [[0.5, 0.5, 1.0]], [[0.5, 0.5, 1.0]],
        [], [], [], []]
    ],
    "curve_data_coord_sys": ["local"],
    "coordinates_type": "direct",
    "volumes_names": ["Concrete"],
    "xs": [-3.000, -1.202081528, 1.202081528, 3.000],
    "ys": [-3.000, -1.202081528, 1.202081528, 3.000],
    "zs": [0.000, 6.000],
    "lcs": 1,
    "txs": [10, 0, 1],
    "tys": [10, 0, 1],
    "tzs": [10, 0, 1],
    "type_map": [
      1, 1, 1,
      1, 0, 0,
      1, 1, 1
    ],
    "curve_types_map": [
      0, 5, 0,
      4, 1, 2,
      0, 3, 0
    ],
    "curve_data_map": [
      0, 5, 0,
      4, 1, 2,
      0, 3, 0
    ],
    "volumes_map": 0,
    "surfaces_map": 0
  }
}