{
  "metadata": {
    "type": "class_arguments",
    "class_name": "Matrix",
    "description": "TM experiment simple structured (0,4860),(622,6092),(3000,6810)"
  },
  "arguments": {
    "factory": "geo",
    "inputs": [],
    "inputs_transforms": null,
    "transform_data": null,
    "types": ["primitive", "empty", "complex", "complex_in_primitive"],
    "surfaces_names": [
      ["NX", "X", "NY", "Y", "NZ", "Z"],
      ["NX", "X", "NY", "Y", "NZ", "Floor"],
      ["NX", "X", "Wall", "Y", "NZ", "Z"],
      ["NX", "X", "NY", "Wall", "NZ", "Z"],
      ["End", "X", "NY", "Y", "NZ", "Z"],
      ["NX", "X", "NY", "Y", "Ceiling", "Z"]
    ],
    "volumes_names": ["RW", "Plug"],
    "curve_types": [
      null,
      [0, 0, 0, 0, 0, 0, 3, 3, 0, 0, 0, 0],
      [0, 0, 0, 0, 3, 3, 0, 0, 0, 0, 0, 0],
      [1, 1, 1, 1, 1, 1, 1, 1, 0, 0, 0, 0]
    ],
    "curve_data": [
      null,
      [[], [], [], [],
        [], [],
        [[0, 0.1036666666667, 1.253497942386831], [0, 0.5, 1.40123456790123456], [0, 0.896333333333333, 1.253497942386831]],
        [[1, 0.1036666666667, 1.253497942386831], [1, 0.5, 1.40123456790123456], [1, 0.896333333333333, 1.253497942386831]],
        [], [], [], []],
      [[], [], [], [],
        [[1, 0.1036666666667, 0.04106666666667], [1, 0.5, 0.065], [1, 0.896333333333333, 0.04106666666667]],
        [[0, 0.1036666666667, 0.04106666666667], [0, 0.5, 0.065], [0, 0.896333333333333, 0.04106666666667]],
        [], [],
        [], [], [], []],
      [[[0.5, 0.5, 0]],
        [[0.5, 0.5, 1]],
        [[0.5, 0.5, 1]],
        [[0.5, 0.5, 0]],
        [[0.5, 0.5, 0]],
        [[0.5, 0.5, 0]],
        [[0.5, 0.5, 1]],
        [[0.5, 0.5, 1]],
        [], [], [], []]
    ],
    "coordinates_type": "direct",
    "xs": [-0.61871843353822908385073881684174, 0.61871843353822908385073881684174],
    "ys": [-0.61871843353822908385073881684174, 0.61871843353822908385073881684174],
    "zs": [0, 6.5, 7.0],
    "lcs": 0.5,
    "ts": [
      [3, 0, 1]
    ],
    "txs": [0],
    "tys": [0],
    "tzs": [0, 0],
    "type_map": 0,
    "curve_data_map": 3,
    "curve_types_map": 3,
    "surfaces_map": 0,
    "volumes_map": [0, 1],
    "boolean_level_map": 2,
    "exists_map": 1
  }
}