{
  "metadata": {
    "type": "class_arguments",
    "class_name": "Matrix",
    "description": "TM experiment simple structured (0,4860),(622,6092),(3000,6810)"
  },
  "arguments": {
    "factory": "geo",
    "inputs": ["input/exp_swe_bor_empty.json", "input/exp_swe_bor2_empty.json"],
    "inputs_transforms": [[[0.5, 0.5, 0.65]]],
    "transform_data": null,
    "types": ["primitive", "empty", "complex", "complex_and_primitive"],
    "surfaces_names": [
      ["NX", "X", "NY", "Y", "NZ", "Z"],
      ["NX", "X", "NY", "Y", "NZ", "Floor"],
      ["NX", "X", "Wall", "Y", "NZ", "Z"],
      ["NX", "X", "NY", "Wall", "NZ", "Z"],
      ["End", "X", "NY", "Y", "NZ", "Z"],
      ["NX", "X", "NY", "Y", "Ceiling", "Z"]
    ],
    "volumes_names": ["Rock", "RW", "Tunnel"],
    "curve_types": [
      null,
      [0, 0, 0, 0, 0, 0, 3, 3, 0, 0, 0, 0],
      [0, 0, 0, 0, 3, 3, 0, 0, 0, 0, 0, 0],
      [0, 0, 0, 0, 3, 3, 3, 3, 0, 0, 0, 0],
      [0, 0, 0, 0, 0, 0, 3, 3, 0, 0, 0, 0]
    ],
    "curve_data": [
      null,
      [[], [], [], [],
        [], [],
        [[0, 0.1036666666667, 1.253497942386831], [0, 0.5, 1.40123456790123456], [0, 0.896333333333333, 1.253497942386831]],
        [[1, 0.1036666666667, 1.253497942386831], [1, 0.5, 1.40123456790123456], [1, 0.896333333333333, 1.253497942386831]],
        [], [], [], []],
      [[], [], [], [],
        [[1, 0.1036666666667, 0.04106666666667], [1, 0.5, 0.065], [1, 0.896333333333333, 0.04106666666667]],
        [[0, 0.1036666666667, 0.04106666666667], [0, 0.5, 0.065], [0, 0.896333333333333, 0.04106666666667]],
        [], [],
        [], [], [], []],
      [[], [], [], [],
        [[1, 0.5, -0.44444444444444444444444444444444]],
        [[0, 0.5, -0.44444444444444444444444444444444]],
        [[0, 0.5, 1.2222222222222222222222222222222]],
        [[1, 0.5, 1.2222222222222222222222222222222]],
        [], [], [], []],
      [[], [], [], [],
        [],
        [],
        [[0, 0.5, 0.91919191919191919191919191919192]],
        [[1, 0.5, 0.91919191919191919191919191919192]],
        [], [], [], []]
    ],
    "coordinates_type": "direct",
    "xs": [0, 26, 28.25, 28.75, 31, 57],
    "ys": [0, 24.5, 29.5, 54],
    "zs": [0, 24.75, 29.25, 54],
    "lcs": 10,
    "ts": [
      [3, 0, 1]
    ],
    "txs": [0, 0, 0, 0, 0],
    "tys": [0, 0, 0],
    "tzs": [0, 0, 0],
    "type_map": [
      0, 0, 0, 0, 0,
      0, 3, 0, 3, 0,
      0, 0, 0, 0, 0,

      0, 0, 0, 0, 0,
      0, 0, 0, 0, 0,
      0, 0, 0, 0, 0,

      0, 0, 0, 0, 0,
      0, 0, 0, 0, 0,
      0, 0, 0, 0, 0
    ],
    "inputs_map": [
      0, 0, 0, 0, 0,
      0, 0, 0, 1, 0,
      0, 0, 0, 0, 0,

      0, 0, 0, 0, 0,
      0, 0, 0, 0, 0,
      0, 0, 0, 0, 0,

      0, 0, 0, 0, 0,
      0, 0, 0, 0, 0,
      0, 0, 0, 0, 0
    ],
    "curve_data_map": [
      0, 0, 0, 0, 0,
      4, 4, 4, 4, 4,
      0, 0, 0, 0, 0,

      0, 0, 0, 0, 0,
      3, 3, 3, 3, 3,
      0, 0, 0, 0, 0,

      0, 0, 0, 0, 0,
      0, 0, 0, 0, 0,
      0, 0, 0, 0, 0
    ],
    "curve_types_map": [
      0, 0, 0, 0, 0,
      4, 4, 4, 4, 4,
      0, 0, 0, 0, 0,

      0, 0, 0, 0, 0,
      3, 3, 3, 3, 3,
      0, 0, 0, 0, 0,

      0, 0, 0, 0, 0,
      0, 0, 0, 0, 0,
      0, 0, 0, 0, 0
    ],
    "surfaces_map": 0,
    "volumes_map": [
      0, 0, 0, 0, 0,
      0, 0, 0, 0, 0,
      0, 0, 0, 0, 0,

      0, 0, 0, 0, 0,
      2, 2, 2, 2, 2,
      0, 0, 0, 0, 0,

      0, 0, 0, 0, 0,
      0, 0, 0, 0, 0,
      0, 0, 0, 0, 0
    ],
    "boolean_level_map": [
      3, 3, 3, 3, 3,
      3, 3, 3, 3, 3,
      3, 3, 3, 3, 3,

      3, 3, 3, 3, 3,
      1, 1, 1, 1, 1,
      3, 3, 3, 3, 3,

      3, 3, 3, 3, 3,
      3, 3, 3, 3, 3,
      3, 3, 3, 3, 3
    ],
    "exists_map": [
      1, 1, 1, 1, 1,
      1, 1, 1, 1, 1,
      1, 1, 1, 1, 1,

      1, 1, 1, 1, 1,
      0, 0, 0, 0, 0,
      1, 1, 1, 1, 1,

      1, 1, 1, 1, 1,
      1, 1, 1, 1, 1,
      1, 1, 1, 1, 1
    ]
  }
}