{
  "metadata": {
    "type": "class_arguments",
    "class_name": "Matrix",
    "description": "TM experiment simple structured (0,4860),(622,6092),(3000,6810)"
  },
  "arguments": {
    "factory": "geo",
    "inputs": ["input/experiment_2021_struct_rw_fill_steel.json"],
    "inputs_transforms": [[[0.5, 0.5, 0]]],
    "transform_data": null,
    "types": ["empty", "primitive", "complex"],
    "surfaces_names": [
      ["NX", "X", "NY", "Y", "NZ", "Z"],
      ["NX", "X", "NY", "Y", "NZ", "Floor"],
      ["NX", "X", "Wall", "Y", "NZ", "Z"],
      ["NX", "X", "NY", "Wall", "NZ", "Z"],
      ["End", "X", "NY", "Y", "NZ", "Z"],
      ["NX", "X", "NY", "Y", "Ceiling", "Z"]
    ],
    "volumes_names": ["Rock", "RW", "Concrete"],
    "curve_types": [
      null,
      [0, 0, 0, 0, 0, 0, 3, 3, 0, 0, 0, 0],
      [0, 0, 0, 0, 3, 3, 0, 0, 0, 0, 0, 0]
    ],
    "curve_data": [
      null,
      [[], [], [], [],
        [], [],
        [[0, 0.1036666666667, 1.253497942386831], [0, 0.5, 1.40123456790123456], [0, 0.896333333333333, 1.253497942386831]],
        [[1, 0.1036666666667, 1.253497942386831], [1, 0.5, 1.40123456790123456], [1, 0.896333333333333, 1.253497942386831]],
        [], [], [], []],
      [[], [], [], [],
        [[1, 0.1036666666667, 0.04106666666667], [1, 0.5, 0.065], [1, 0.896333333333333, 0.04106666666667]],
        [[0, 0.1036666666667, 0.04106666666667], [0, 0.5, 0.065], [0, 0.896333333333333, 0.04106666666667]],
        [], [],
        [], [], [], []]
    ],
    "coordinates_type": "delta",
    "xs": [20.500, 3.000, 1.000, 3.000, 2.500, 30.000],
    "ys": [30.000, 6.000, 30.000],
    "zs": [30.000, 0.100, 0.010, 4.390, 0.010, 0.100, 0.390, 4.860, 30.000],
    "lcs": 5,
    "ts": [
      [3, 0, 1],
      [5, 0, 1],
      [7, 0, 1],
      [20, 0, 0.93],
      [20, 0, 0.9],
      [20, 0, 1.1],
      [17, 0, 0.9],
      [17, 0, 1.1],
      [30, 0, 1]
    ],
    "txs": [3, 2, 0, 2, 2, 5],
    "tys": [6, 2, 7],
    "tzs": [4, 1, 1, 8, 1, 1, 1, 5, 5],
    "type_map": [
        1, 1, 1, 1, 1, 1,
        1, 2, 1, 2, 1, 1,
        1, 1, 1, 1, 1, 1,

        1, 1, 1, 1, 1, 1,
        1, 0, 1, 0, 1, 1,
        1, 1, 1, 1, 1, 1,

        1, 1, 1, 1, 1, 1,
        1, 0, 1, 0, 1, 1,
        1, 1, 1, 1, 1, 1,

        1, 1, 1, 1, 1, 1,
        1, 0, 1, 0, 1, 1,
        1, 1, 1, 1, 1, 1,

        1, 1, 1, 1, 1, 1,
        1, 0, 1, 0, 1, 1,
        1, 1, 1, 1, 1, 1,

        1, 1, 1, 1, 1, 1,
        1, 0, 1, 0, 1, 1,
        1, 1, 1, 1, 1, 1,

        1, 1, 1, 1, 1, 1,
        1, 0, 1, 0, 1, 1,
        1, 1, 1, 1, 1, 1,

        1, 1, 1, 1, 1, 1,
        0, 0, 0, 0, 0, 1,
        1, 1, 1, 1, 1, 1,

        1, 1, 1, 1, 1, 1,
        1, 1, 1, 1, 1, 1,
        1, 1, 1, 1, 1, 1
    ],
    "curve_data_map": [
        0, 0, 0, 0, 0, 0,
        0, 0, 0, 0, 0, 0,
        0, 0, 0, 0, 0, 0,

        0, 0, 0, 0, 0, 0,
        0, 0, 0, 0, 0, 0,
        0, 0, 0, 0, 0, 0,

        0, 0, 0, 0, 0, 0,
        0, 0, 0, 0, 0, 0,
        0, 0, 0, 0, 0, 0,

        0, 0, 0, 0, 0, 0,
        0, 0, 0, 0, 0, 0,
        0, 0, 0, 0, 0, 0,

        0, 0, 0, 0, 0, 0,
        0, 0, 0, 0, 0, 0,
        0, 0, 0, 0, 0, 0,

        0, 0, 0, 0, 0, 0,
        0, 0, 0, 0, 0, 0,
        0, 0, 0, 0, 0, 0,

        0, 0, 0, 0, 0, 0,
        0, 0, 0, 0, 0, 0,
        0, 0, 0, 0, 0, 0,

        0, 0, 0, 0, 0, 0,
        0, 0, 0, 0, 0, 1,
        0, 0, 0, 0, 0, 0,

        0, 0, 0, 0, 0, 0,
        2, 2, 2, 2, 2, 2,
        0, 0, 0, 0, 0, 0
    ],
    "curve_types_map": [
        0, 0, 0, 0, 0, 0,
        0, 0, 0, 0, 0, 0,
        0, 0, 0, 0, 0, 0,

        0, 0, 0, 0, 0, 0,
        0, 0, 0, 0, 0, 0,
        0, 0, 0, 0, 0, 0,

        0, 0, 0, 0, 0, 0,
        0, 0, 0, 0, 0, 0,
        0, 0, 0, 0, 0, 0,

        0, 0, 0, 0, 0, 0,
        0, 0, 0, 0, 0, 0,
        0, 0, 0, 0, 0, 0,

        0, 0, 0, 0, 0, 0,
        0, 0, 0, 0, 0, 0,
        0, 0, 0, 0, 0, 0,

        0, 0, 0, 0, 0, 0,
        0, 0, 0, 0, 0, 0,
        0, 0, 0, 0, 0, 0,

        0, 0, 0, 0, 0, 0,
        0, 0, 0, 0, 0, 0,
        0, 0, 0, 0, 0, 0,

        0, 0, 0, 0, 0, 0,
        0, 0, 0, 0, 0, 1,
        0, 0, 0, 0, 0, 0,

        0, 0, 0, 0, 0, 0,
        2, 2, 2, 2, 2, 2,
        0, 0, 0, 0, 0, 0
    ],
    "surfaces_map": [
        0, 0, 0, 0, 0, 0,
        0, 0, 0, 0, 0, 0,
        0, 0, 0, 0, 0, 0,

        0, 0, 0, 0, 0, 0,
        0, 0, 0, 0, 0, 0,
        0, 0, 0, 0, 0, 0,

        0, 0, 0, 0, 0, 0,
        0, 0, 0, 0, 0, 0,
        0, 0, 0, 0, 0, 0,

        0, 0, 0, 0, 0, 0,
        0, 0, 0, 0, 0, 0,
        0, 0, 0, 0, 0, 0,

        0, 0, 0, 0, 0, 0,
        0, 0, 0, 0, 0, 0,
        0, 0, 0, 0, 0, 0,

        0, 0, 0, 0, 0, 0,
        0, 0, 0, 0, 0, 0,
        0, 0, 0, 0, 0, 0,

        0, 0, 0, 0, 0, 0,
        1, 1, 1, 1, 1, 0,
        0, 0, 0, 0, 0, 0,

        3, 3, 3, 3, 3, 0,
        0, 0, 0, 0, 0, 4,
        2, 2, 2, 2, 2, 0,

        0, 0, 0, 0, 0, 0,
        5, 5, 5, 5, 5, 0,
        0, 0, 0, 0, 0, 0
    ],
    "volumes_map": [
        0, 0, 0, 0, 0, 0,
        0, 0, 0, 0, 0, 0,
        0, 0, 0, 0, 0, 0,

        0, 0, 0, 0, 0, 0,
        0, 1, 0, 1, 0, 0,
        0, 0, 0, 0, 0, 0,

        0, 0, 0, 0, 0, 0,
        0, 1, 0, 1, 0, 0,
        0, 0, 0, 0, 0, 0,

        0, 0, 0, 0, 0, 0,
        0, 1, 0, 1, 0, 0,
        0, 0, 0, 0, 0, 0,

        0, 0, 0, 0, 0, 0,
        0, 1, 0, 1, 0, 0,
        0, 0, 0, 0, 0, 0,

        0, 0, 0, 0, 0, 0,
        0, 1, 0, 1, 0, 0,
        0, 0, 0, 0, 0, 0,

        0, 0, 0, 0, 0, 0,
        0, 1, 0, 1, 0, 0,
        0, 0, 0, 0, 0, 0,

        0, 0, 0, 0, 0, 0,
        2, 1, 2, 1, 2, 0,
        0, 0, 0, 0, 0, 0,

        0, 0, 0, 0, 0, 0,
        0, 0, 0, 0, 0, 0,
        0, 0, 0, 0, 0, 0,

        0, 0, 0, 0, 0, 0,
        0, 0, 0, 0, 0, 0,
        0, 0, 0, 0, 0, 0
    ]
  }
}